{"version":5,"hash":{"type":"Buffer","data":"fB0qfW42fikDkBtlwRWWwOLJ/E5HTjc3R6P65adb9f6FWRml+RM0oXJ4s70bnHbSU/wPQwS1J22WjT6pxp3GbeZ69h9DDzVgP3v/ObPSgavbAfTI668H93ZF2OjlUjlVFvbQ6mxWd5xz7T42YnrkMTcHcDsOqxVGtCPcm+WiGuw="},"indexValueMap":{"yHBxupGx1Wi/P1mwROmfvuOgXNtkGuf+NAd03BdwcDY=":{"valueMac":{"type":"Buffer","data":"q7aj8swKsQQzrYdiRzhzDhoOKTHZcFT4+RPmnnFScrI="}},"tUBCoYorM8w/vM+g3XqGEeL+EHAReXv0wCELkEDRbC4=":{"valueMac":{"type":"Buffer","data":"PoDCOx+lLScQRGtpaSnGElSO6FbUSCgXnpjFydzQlxM="}},"SEd4ouo5nlsknxsZ9cauuKFaKwrL4uCazvkOBWSOoj8=":{"valueMac":{"type":"Buffer","data":"C/4/xX00SkbgSr6l4SuDTEkwnBBYBoBC9c++eFOmKe8="}},"olv1kxbySNGaiPq4A1MoK4N3JwCUuTd40u8xMGNPQXs=":{"valueMac":{"type":"Buffer","data":"yG+tQ4vLrc5KYzpEV4p32uo6aJxC3SqU8CTyTA8qeRM="}}}}