{"version":17,"hash":{"type":"Buffer","data":"GF1vI7n5SK1hL582WNk+VWE2kS7pTqtGUBMeui38WfZNMfb8/vIYCUBFzXtf7kafj7i9Ey7+zeXN/zDLFMeT+YGUiml1qCF5pe/bGqm9g93H+NmpNEmherFuYxUU4TFvA4dbIfAPUmFpuzQgUll3UZHhWPKJVWjgIxx/hp5JdWo="},"indexValueMap":{"Vdks7/DDkBUI7V+m3LjBZqsWVYyT7QoIeDBYaqPx+M8=":{"valueMac":{"type":"Buffer","data":"5yFZvymvz0prh6D/fit5ZVNIuyZ/e3jlO2YFAvZJ4Rc="}},"cq8GmZXGFdKGLijY21g3fc2F5DXs97LKIWSjWNGQaKQ=":{"valueMac":{"type":"Buffer","data":"c1JiEzo+6xMZzqZmNctqZyw8bLIniHsi7Av1Hg0FoKc="}},"ek2u/EXDZLAR4yKvH8ozo4hwJ3ZkdBZ62Mj4V7CdCio=":{"valueMac":{"type":"Buffer","data":"iIoephB9ht9L0zMoLBpZzJDLn4fJDb9secjFlgUBKRs="}},"jX9zUwQypUe6CV6krSsu7WufFCMh/IxFFVUB87aaOHA=":{"valueMac":{"type":"Buffer","data":"WoZlrvZ36qZXb9triA5Ei+dMp8FcWwKMcDuR/6oJFSE="}},"kaYGR0xvZoWenzVN8PqGwpESfu0o/4gZlpo6RK4egsg=":{"valueMac":{"type":"Buffer","data":"vLiICRoFV66FLh5e+g7OjgrZEWH0E705WInDfjbHXtU="}},"lkA6pkeEeHWNq/3/6PaYOGdYRCY8RthfDn0BrFIMvQM=":{"valueMac":{"type":"Buffer","data":"8mLLJ216AgPxntjSh8tvTmsRrgrIXhsOhXaGWm5EBes="}},"q4/FnUu0VI8sr750DYMTYwM96Hsrw7Y9p2PvuTm5yT8=":{"valueMac":{"type":"Buffer","data":"/8OWeFpycoZ4FcUSUsCPZwaZQlPukQW2YrzEZjgpGKI="}},"7P8oKBZ/H9oz0rXSOfU/VQqcqFkhQ+POKcvXyt1ws94=":{"valueMac":{"type":"Buffer","data":"4lmf6b+qkL8CTSKkfQy8uaJkfns3VHHkBQzHPVfMMcM="}},"UnWA0PJg87Y1uHfg3mjrpCaDR0ugg0La+UW74EyIq3I=":{"valueMac":{"type":"Buffer","data":"FYDS80HAS/bkFCzgdP5HqDIWb9HqyeYtRNbh01AGz+c="}},"ar/iBiag5ZYGdhbc4RFbOBSPzX02m38FAvVI92JT4Qo=":{"valueMac":{"type":"Buffer","data":"zxHU7ZXjyv2mfHtYBFzgvwNdJVF18K83BqlVBhhU4k4="}}}}