{"version":6,"hash":{"type":"Buffer","data":"zKFUzIO4o3zEi7g7cmIrjy/r6E1MpVivBHn8bxudbejdOWa/kV5Q958RMsptOGmtP8UZOe1WxxsyQqhFp+MZ2cNk7DyO12wHiIzMocCJWePgXz9ZEb4kCW0fyEJd1IXbcchjel+RW9oqNEIRIUoiSOPWYijnUIYCS8RiNohaKDA="},"indexValueMap":{"40lvjwy0d5U1hNPQkV2UjYmcVF43Ny72Rj+oqBx0Aiw=":{"valueMac":{"type":"Buffer","data":"vBTybxLjNGZ0pOdDXiCrA4VamKX8Cs7aDZYDHjsAiDM="}},"5uSCnNd7xWfODlukMNHdt0EUaZHH2EjKbq6jrELRH1E=":{"valueMac":{"type":"Buffer","data":"Y3LOCuUkiXeqUviwsN1AG+1sN6wHrCdCpAGzcFOsMYk="}},"dSlKJMx/DtE8Ce8JgO78HjyMRZdPbNHT0nebPug8iHA=":{"valueMac":{"type":"Buffer","data":"nArws5TwPbwRHYgvnFHFo3txJq+j4H/Q8ZnNChB/ubE="}},"gT/gi4gJbJaR/jCQnnVpWCPetzWODmn7WvVtBqFGzyA=":{"valueMac":{"type":"Buffer","data":"neFYhP2iRhEN8p/BB9+VpQNRji2KMwAZ0ddZiQYBmes="}},"wZlTOtGora5B2CWae3YJlRqhKdEODm+ChcfSKcQunvA=":{"valueMac":{"type":"Buffer","data":"nlESjZ0AOKEqe3LBxmp+8QvLB3xF1FzHJQsD1v4OAY8="}}}}