{"noiseKey":{"private":{"type":"Buffer","data":"SKMrf/axde3eKJq7Q0sUScgwf8fA2EnPtuAF1g+iulc="},"public":{"type":"Buffer","data":"D7YPxp3PWGtrEXDueCl+k3cyEw+YMSda8vHeMonXnD8="}},"pairingEphemeralKeyPair":{"private":{"type":"Buffer","data":"SIsbLFeUkB4ABfGH+yZntv/J+YRs2+2MDLxBa/pQKEY="},"public":{"type":"Buffer","data":"n3+/awrYCpZn57Cic6CpjOa4i1kFO8pzVL8IgVznSBU="}},"signedIdentityKey":{"private":{"type":"Buffer","data":"mPCpRXH/+N71B+SHv0guP+nBFFklptCYXl1erNl1kFU="},"public":{"type":"Buffer","data":"8wAqwgFyOAunvFT5GrY9et0KkTXBkqaK1UCKmWcAfhM="}},"signedPreKey":{"keyPair":{"private":{"type":"Buffer","data":"2DoWN2TNb3XUH6H5xwJdkG1Oy57O0fciOOIhpAXftFA="},"public":{"type":"Buffer","data":"OAi4y7DfhFCgok/olCgvyzyfr7HwpjQDv+y/C94A7SQ="}},"signature":{"type":"Buffer","data":"N4i02iNMp6gIzJ4BuYuKZ+ZJVn+pAjReQWiKe3effl3NXiQtx0PcxqEKz37BlgkOuszNUnkmyW+59ZIZd0Dfig=="},"keyId":1},"registrationId":193,"advSecretKey":"zO1pi56qlYolEucOVA11lvVnAyTsT1cBIbQMi7fAQnE=","processedHistoryMessages":[{"key":{"remoteJid":"491745126033@s.whatsapp.net","fromMe":true,"id":"D1758EC031E22F63B96DA4976E98F5EA"},"messageTimestamp":1737184217},{"key":{"remoteJid":"491745126033@s.whatsapp.net","fromMe":true,"id":"CD35C499E254784F9B59FF267A8CA6D4"},"messageTimestamp":1737184217},{"key":{"remoteJid":"491745126033@s.whatsapp.net","fromMe":true,"id":"504ED40DB660122EB484624FAE78CE04"},"messageTimestamp":1737184218},{"key":{"remoteJid":"491745126033@s.whatsapp.net","fromMe":true,"id":"B750949E8D4FD3EBBA46ED4A46F6638C"},"messageTimestamp":1737184218}],"nextPreKeyId":157,"firstUnuploadedPreKeyId":157,"accountSyncCounter":1,"accountSettings":{"unarchiveChats":false},"registered":false,"account":{"details":"CNTS6esFEMqnrbwGGAEgACgA","accountSignatureKey":"sEXM6EPgaSQim6LH9tWDjbbAktyxC/KEvR4rzfhL7RQ=","accountSignature":"oxp05uBJusc/I66CsqRzy6US/sKy7rfMGDtOtE22l1mQy5k7V08pWIRTEuNPpOJBfvE3jRocg2YlPs6ZFZVWCw==","deviceSignature":"ZU/hEflUcJyVl8vb7/kjOS3pi26N80lWrArPb31rmmpEKE3ZkJdOGQs6X1NF7s4lUOBIc7Pdz9+weuhmxbuciA=="},"me":{"id":"491745126033:7@s.whatsapp.net","jid":"491745126033@s.whatsapp.net","lid":"42997555134477:7@lid","name":"Rick"},"signalIdentities":[{"identifier":{"name":"491745126033:7@s.whatsapp.net","deviceId":0},"identifierKey":{"type":"Buffer","data":"BbBFzOhD4GkkIpuix/bVg422wJLcsQvyhL0eK834S+0U"}}],"platform":"android","routingInfo":{"type":"Buffer","data":"CAsIAg=="},"lastAccountSyncTimestamp":1737640087,"lastPropHash":"2V77qU","myAppStateKeyId":"AAAAAETj"}