[{"senderKeyId":1286191419,"senderChainKey":{"iteration":7,"seed":"I4l8ArtP4hLub6NOWCz0ZyHjK03K3m9Nasu5s4UF1aI="},"senderSigningKey":{"public":"BUsROZ4Z1Xh+ofAklkTCx4152ssusCG0zPicdmllmSBS"},"senderMessageKeys":[]},{"senderKeyId":1286191419,"senderChainKey":{"iteration":7,"seed":"I4l8ArtP4hLub6NOWCz0ZyHjK03K3m9Nasu5s4UF1aI="},"senderSigningKey":{"public":"BUsROZ4Z1Xh+ofAklkTCx4152ssusCG0zPicdmllmSBS"},"senderMessageKeys":[]},{"senderKeyId":1286191419,"senderChainKey":{"iteration":7,"seed":"I4l8ArtP4hLub6NOWCz0ZyHjK03K3m9Nasu5s4UF1aI="},"senderSigningKey":{"public":"BUsROZ4Z1Xh+ofAklkTCx4152ssusCG0zPicdmllmSBS"},"senderMessageKeys":[]},{"senderKeyId":1286191419,"senderChainKey":{"iteration":7,"seed":"I4l8ArtP4hLub6NOWCz0ZyHjK03K3m9Nasu5s4UF1aI="},"senderSigningKey":{"public":"BUsROZ4Z1Xh+ofAklkTCx4152ssusCG0zPicdmllmSBS"},"senderMessageKeys":[]},{"senderKeyId":2052919180,"senderChainKey":{"iteration":10,"seed":"81yEXmMjDoQ1v16sge0BG4Wvytm/anUn+mmmR3U0JiQ="},"senderSigningKey":{"public":"BVDsq0zxn7FlmlOyx97SJLLSqBENj3Ou8aubN5EuQ9po"},"senderMessageKeys":[]}]