[{"senderKeyId":1754436124,"senderChainKey":{"iteration":8,"seed":"M8ex10i/bww9vziWdsuoAMOt7swzwbQVzL0JcilrEe4="},"senderSigningKey":{"public":"BccDJMgxaG/9yiIwyCuC9JJYN+gsIxc6VeY1p+6Hqlhj"},"senderMessageKeys":[]},{"senderKeyId":1754436124,"senderChainKey":{"iteration":8,"seed":"M8ex10i/bww9vziWdsuoAMOt7swzwbQVzL0JcilrEe4="},"senderSigningKey":{"public":"BccDJMgxaG/9yiIwyCuC9JJYN+gsIxc6VeY1p+6Hqlhj"},"senderMessageKeys":[]},{"senderKeyId":1754436124,"senderChainKey":{"iteration":8,"seed":"M8ex10i/bww9vziWdsuoAMOt7swzwbQVzL0JcilrEe4="},"senderSigningKey":{"public":"BccDJMgxaG/9yiIwyCuC9JJYN+gsIxc6VeY1p+6Hqlhj"},"senderMessageKeys":[]},{"senderKeyId":1754436124,"senderChainKey":{"iteration":8,"seed":"M8ex10i/bww9vziWdsuoAMOt7swzwbQVzL0JcilrEe4="},"senderSigningKey":{"public":"BccDJMgxaG/9yiIwyCuC9JJYN+gsIxc6VeY1p+6Hqlhj"},"senderMessageKeys":[]},{"senderKeyId":1276422582,"senderChainKey":{"iteration":4,"seed":"rRECIJ64Zt8OOGxINwll+bLbaUeq5sezHA08UDbKRzo="},"senderSigningKey":{"public":"BcDczrJsNTkm+azaxJHOsxNlN0KFIA+H4dIipWxLtrhd"}}]