[{"senderKeyId":2057247500,"senderChainKey":{"iteration":223,"seed":"cGGpSoc5SZ/C388zqKuUtOQU4XDxW4r3e6pOEmrLnhM="},"senderSigningKey":{"public":"BaUuRJEjZfHrw0iB84pV87grn+AS2TenhIkF50PU7CJz","private":"MCRdEDL4aHZO3v2fVsNOu6sXioMMPHY9Ju47smprHnE="},"senderMessageKeys":[{"iteration":1,"seed":"ExkqVd7xw1hneLXWLLipgtzeUxTQ8+U50R5d0xDVz3g="},{"iteration":3,"seed":"DypfL5JH6QoEz1bhrTNbg+qea9xAFSbOm+Ithx6sikY="},{"iteration":5,"seed":"fdQwPHUm7zQPKjhOicUK2p8PD5dCylj94i1g1WtESbI="},{"iteration":7,"seed":"Pv0zRAR63UKLKYPiP0g3Od1xaZUTXTG6Vwtr+9Tdf48="},{"iteration":9,"seed":"az+aW6aXOcpf9b4/kz6ff/D1j7GbNaZO6EaZBksFiYA="},{"iteration":11,"seed":"w2atwXCVpov8VyF8OnKiLQpsdH7E+fEPI070smFAhJc="},{"iteration":13,"seed":"selHXnxKADqqMhuzJtj/YwjNryeDCqZB2DaAS1qlCTo="},{"iteration":15,"seed":"5joUzqsnnRGCXMpWZx3JVpk9A908c0nBGi9U26lbreU="},{"iteration":17,"seed":"pYlC4pMCBNzSqJ0yTjp9nGFCLgNDGdGee52kudvO7iA="},{"iteration":19,"seed":"1eEREDIThjKms7d2wD2ntWutIg4tT7iFwueCm8n9VaQ="},{"iteration":21,"seed":"iyoXV+9ZUqX1TGmIIzA2rHcVDTNp+FeY6CD50mApMcI="},{"iteration":23,"seed":"wE5GWJDWIsW3iNpDXExCmZhmcKQVn7cDFde6VXNN7uw="},{"iteration":25,"seed":"YyUtXLPDxtzpNzvykrcJKNal4JQT68pZ4j+Fv0tDGkA="},{"iteration":27,"seed":"uZVupwR4K7Ei8oRa80r7ra2CB8VMwvuBwI4LSPEJ67o="},{"iteration":29,"seed":"6u2CC/ypk9bc+qIU5A+ktKbTCVWVLvlUTMyk6knnD+4="},{"iteration":31,"seed":"HVTOhnaJrIbB/sHwrdqQl0piJq0d/IROY5RtI/t2OjM="},{"iteration":33,"seed":"sflcLpHzV30CxTAyYlPLJHLnYrcEsCyFbFgDT+20Oyg="},{"iteration":35,"seed":"aDuhDCdxOyafOynxlTKy+FLEEPS2AaTr/wdK9H6PyG0="},{"iteration":37,"seed":"hNy9VugoukeTenVWA7/TDc5zV75kQv+gd6sBnfCTQdU="},{"iteration":39,"seed":"7bhWhRvM2isQNLpBrJynJ+R+mYkLN2aB9y8kl4VZqCo="},{"iteration":41,"seed":"gHOrnitjn9XqM+UEinSl5p6fDscBTJ+nuZ04b7qGwOo="},{"iteration":43,"seed":"sbUym4QNqeNA21Xdan+gtdhD+LH6iyAPbjVAQ4vKXlU="},{"iteration":45,"seed":"9/ksTHahIgDRz28KefPh1P1rAXPc73ZcI6R6A005Ets="},{"iteration":47,"seed":"1ylmWcmX5uvPgSEnDUFcbU+tNxgX0ZDCmUul0eEQdzI="},{"iteration":49,"seed":"sodH8tFVUp/vVzYAUiC3uj4cHcDr3aZIPVKJo03+iUM="},{"iteration":51,"seed":"LUsXDYZofC+5eCQeTM7qkD89PikFB+o+Oocki6AtOT4="},{"iteration":53,"seed":"TvhK2fydTPXyI3YTETnXvzDV4rGPVifGYVtbRCzzn1o="},{"iteration":55,"seed":"k4h2mJiuMlXsLrq/wBPUsiaJB0HUmVONQIXpViV39EE="},{"iteration":57,"seed":"95+3k31t8he3L9+7cWNDCqwS6i3fcrFStQ6MCvyYoZg="},{"iteration":59,"seed":"ask0OaVSxEYp+dLK3WHxbcmSWmNRXy57JDut30uSht8="},{"iteration":61,"seed":"EjXhoN4Lnuy/rdKnq3YQUQ/vWx8a5Nbgm0ogrL+D5qE="},{"iteration":63,"seed":"YAOFwCCK1hIIcjA55lMNjTq8j6xyWEf4gmaLpw2uMXM="},{"iteration":65,"seed":"hvdh8v8EbTAnczCMfUveT3n9eXBTdaJO3qGhVfu6vvc="},{"iteration":67,"seed":"7vzrfaewJxvMLZAJWBiPRBauD83Bx4FJ27gxVbIJmzY="},{"iteration":69,"seed":"/AWQkmN7GYXNYTZr9BTRy8s4DUrJ1KkJBH2cgNLSahY="},{"iteration":71,"seed":"Rr5OQBfwUvHgjDVwfJ8Z14CSPvig60ukZIY7W6Sr2NM="},{"iteration":73,"seed":"uqBe9QlDIJPPUl0Y6RBZ8Y8cQ5Fnxr/hgLzmQE7fj4Y="},{"iteration":75,"seed":"tuiDM6Y7w8wJ8lNHtOCXmniAXjQdfioiBSYpJubmpy0="},{"iteration":77,"seed":"Y0uDbFyhJ6CKzpGDQMpTo8fmR9JcT7G1VgSJUu2dVQA="},{"iteration":79,"seed":"OgyjzShs2ce+LhbgNYMZom9wb3y+4U/sJ/t3N+c9Bl0="},{"iteration":81,"seed":"1gFZOhMItXf6ynJYv/8RKI2XfbeA9Mj422K6CAbXMME="},{"iteration":83,"seed":"AcBo+0tvzAHsh6KTjRnwMzY0126O475DJSh+h+x4hDk="},{"iteration":85,"seed":"8cfwXMZC8RczCAfQ42AaI1fcwxvjLu6TEPNLJ37otCk="},{"iteration":87,"seed":"3Ogzf7CdUINeAvfr9nVRtt3lVJZqSHcg2RGPXSf2yUQ="},{"iteration":89,"seed":"T7x8GxpMgim6bONnhchpuiw4m1RNDbGAyrNXjE723RE="},{"iteration":91,"seed":"8FN2a0Rw6/1KyGO/Qqn5FHXoEyUMLN/pHEdxUonEmwU="},{"iteration":93,"seed":"jMkVkxYibtEviN7E8110gXi5KRowUQE/n3a0jIxs/hQ="},{"iteration":95,"seed":"LZE3gzhb+8swx2vhdxDJA40P2P7JqK+FvhUS0g334jo="},{"iteration":97,"seed":"VKNbq342g0mK9PWch0Z3VwLQ4LQ3tRrRgDv3+M6o9os="},{"iteration":99,"seed":"GzcVL0UDZW8xaRZgiXtGBROwcLsmQkoaPgLFxjoPQAU="},{"iteration":101,"seed":"+eojSEHifepsnm5FGpeOaMoExis1irHVe1vFI01CN78="},{},{},{},{},{},{},{},{},{},{},{},{},{},{},{},{},{},{},{},{},{},{},{},{},{},{},{},{},{},{},{},{},{},{},{},{},{},{},{},{},{},{},{},{},{},{},{},{},{},{},{},{},{},{},{},{},{},{},{},{}]}]