[{"senderKeyId":413148837,"senderChainKey":{"iteration":17,"seed":"T9XP+Ns5TMpdTjZYulYI0YD01pEO8TDgf4bOKpYP/V8="},"senderSigningKey":{"public":"BSTnW9k3Sm2d6xjbLqru+UAmUF2g/OHVauX5YlZJ6bAZ"},"senderMessageKeys":[]},{"senderKeyId":413148837,"senderChainKey":{"iteration":17,"seed":"T9XP+Ns5TMpdTjZYulYI0YD01pEO8TDgf4bOKpYP/V8="},"senderSigningKey":{"public":"BSTnW9k3Sm2d6xjbLqru+UAmUF2g/OHVauX5YlZJ6bAZ"},"senderMessageKeys":[]},{"senderKeyId":413148837,"senderChainKey":{"iteration":17,"seed":"T9XP+Ns5TMpdTjZYulYI0YD01pEO8TDgf4bOKpYP/V8="},"senderSigningKey":{"public":"BSTnW9k3Sm2d6xjbLqru+UAmUF2g/OHVauX5YlZJ6bAZ"},"senderMessageKeys":[]},{"senderKeyId":413148837,"senderChainKey":{"iteration":17,"seed":"T9XP+Ns5TMpdTjZYulYI0YD01pEO8TDgf4bOKpYP/V8="},"senderSigningKey":{"public":"BSTnW9k3Sm2d6xjbLqru+UAmUF2g/OHVauX5YlZJ6bAZ"},"senderMessageKeys":[]},{"senderKeyId":670647300,"senderChainKey":{"iteration":23,"seed":"SHsUUhMiy7ZR/eeFH1golXWmAwLXON1v55zxyU6PFVQ="},"senderSigningKey":{"public":"BfD/BNYxqChEk2lkTj0fPuuPnsS6S8/oNPIlPMIpu6cr"},"senderMessageKeys":[]}]