[{"senderKeyId":2012681591,"senderChainKey":{"iteration":127,"seed":"xHtmXI0MI/HbpCA9LAErgQDNz0E2Obgc1lpSpFQiGZ0="},"senderSigningKey":{"public":"BbXBvBpDzTev5wH73astvi0xkBDYzirfrDns90c9448+","private":"aMNXcFrDtLBhSo/4Gm8wpunwvwYdCigCVL25jAFEYU8="},"senderMessageKeys":[{"iteration":1,"seed":"clsc1kBTtQGNhlFH0o9juwWhkKZHFSE250QIyFxFc3A="},{"iteration":3,"seed":"R1fXLp2a/34/UYsEfXUBnzXa8H7z8sufvsj7p9YYBkg="},{"iteration":5,"seed":"zcDB9MGUdOQAu928F4uG951cfatBnPzhkFTPb/NnLyw="},{"iteration":7,"seed":"DBM01QludsgNosCEMWI6B6QEUdS9DVkPBza67cqnzGg="},{"iteration":9,"seed":"RoulP4w0DYBHe0PzzY0hLKMhxIpMEIiGsj60OHuIS0Y="},{"iteration":11,"seed":"yPv2Ji6TC0H6TFkmhfRdT230Fc4MCKchM59atd52vsE="},{},{},{},{},{},{},{},{},{},{},{},{},{},{},{},{},{},{},{},{},{},{},{},{},{},{},{},{},{},{},{},{},{},{},{},{},{},{},{},{},{},{},{},{},{},{},{},{},{},{},{},{},{},{},{},{},{}]}]