{"_sessions":{"BZ7s8P9D3eiCeyaUnWfQTI7ylVYR74hCkzZhs5brEOY4":{"registrationId":1325669617,"currentRatchet":{"ephemeralKeyPair":{"pubKey":"BbuKSL6RXH75GRZj0sFmOQVXKkCbNaerJqvXI06vGu8L","privKey":"4HSmvclr95KIxh8oh3ZSLiVh4ktXQUdUnVr7FL220Vc="},"lastRemoteEphemeralKey":"BQwEoLEzx7wqblr6vCYdCZvYMe5EbX2KbXqiUA3IDdpO","previousCounter":0,"rootKey":"aEJKZoZq+FcysN1EFRKKvvvT0pXN0biKReOEROgSCjM="},"indexInfo":{"baseKey":"BZ7s8P9D3eiCeyaUnWfQTI7ylVYR74hCkzZhs5brEOY4","baseKeyType":1,"closed":-1,"used":1737642260678,"created":1737640313091,"remoteIdentityKey":"BYWwh9yxoXTeuJ1NadPGAKXNt4QxXuiclKUzh8VEed07"},"_chains":{"BQwEoLEzx7wqblr6vCYdCZvYMe5EbX2KbXqiUA3IDdpO":{"chainKey":{"counter":8,"key":"j1Sm6VUtp0tfvvcRWRYuteuPuZeV80Z2jSGhjsDodqY="},"chainType":2,"messageKeys":{}},"BbuKSL6RXH75GRZj0sFmOQVXKkCbNaerJqvXI06vGu8L":{"chainKey":{"counter":-1,"key":"uIz5w0+XoHFdib2wUnU1Qyb52ZSxo3x5p2Ebn8znACc="},"chainType":1,"messageKeys":{}}}}},"version":"v1"}