{"_sessions":{"BYLKvGnl4gW2sZUYkV6B+J7CLk5LvC0+bXQAeC29Vjpm":{"registrationId":1742237570,"currentRatchet":{"ephemeralKeyPair":{"pubKey":"BT4q+NGuMQzn3bCg0Uyu+qcCCebvjT8JoKjBRkd8GTRc","privKey":"+DuDQf0SyOa11mXTdh1Smmf3KmQMtryT7i1VS5UuWXM="},"lastRemoteEphemeralKey":"BWjro+SayqFq3fATi3+InlnfVGzdUPqwN490niY/ZPd+","previousCounter":0,"rootKey":"DK4MlD/vHw3zgb/ijiY/Z62z6F03U3AgMHl5aJanOQg="},"indexInfo":{"baseKey":"BYLKvGnl4gW2sZUYkV6B+J7CLk5LvC0+bXQAeC29Vjpm","baseKeyType":2,"closed":-1,"used":1737640087826,"created":1737184286363,"remoteIdentityKey":"BQFds4YCkDGRjL6jcDJGfsGhuPc2nSvckta0Q11QdnB1"},"_chains":{"BWYcbMhYoZ9uh8u2bitsDddeY8AKYfYvX5Y3US/QvfVE":{"chainKey":{"counter":0},"chainType":2,"messageKeys":{}},"BQ1k6pPRMVMVh/+GL30mrFuGT9YK0LGi2ykB3FpXFQNM":{"chainKey":{"counter":0},"chainType":2,"messageKeys":{}},"BX2ojwVPWMvJ49iSUNhEZWAeLcgOuYm7xt+lAkmlD/BK":{"chainKey":{"counter":0},"chainType":2,"messageKeys":{}},"BYsv4P5fhCc+wkT/VgSlcm3yETjOQJQyNx32HZPWx715":{"chainKey":{"counter":0},"chainType":2,"messageKeys":{}},"BUfiwtrBce6qmNblWX24tlESZ6JrpV/9bIw5iUkO73Ah":{"chainKey":{"counter":1},"chainType":2,"messageKeys":{}},"BXtf0sE73KW8r4prB4m3duBr8JiSkioOcot4wgoKnJhh":{"chainKey":{"counter":0},"chainType":2,"messageKeys":{}},"BfCToWMyTrgsrIMKTY4c9EvjXffjprshZ50XEQ+u6SV4":{"chainKey":{"counter":0},"chainType":2,"messageKeys":{}},"Bd61xAZ0LRS/zzQG57gDVnKgh3cVbgbJfIz8pfKcEJB1":{"chainKey":{"counter":0},"chainType":2,"messageKeys":{}},"Bcu6uhzqk+PCHUBNrLOmh0c642KbDagHFIQjsjItpUpS":{"chainKey":{"counter":0},"chainType":2,"messageKeys":{}},"BSkGQRmDFcklS6Wf/LykR/kMmZH7daFsNsUDXhmiu64w":{"chainKey":{"counter":0},"chainType":2,"messageKeys":{}},"BdvE5J/VoE5RXq1QspZ+f6URDJBfqOjQM9gewyTx2Voz":{"chainKey":{"counter":2},"chainType":2,"messageKeys":{}},"Barp3l5ud7HW2LQtk2YJzA1ViOTeUEUkQpiSh9KUGzBy":{"chainKey":{"counter":0},"chainType":2,"messageKeys":{}},"BXuowMQu8mO84Wfb3HaQX4bk0IQyWWPt45bCnBmhea5h":{"chainKey":{"counter":0},"chainType":2,"messageKeys":{}},"BetIfItQEdkLwyHCW2u97U63zUBGQwJqoXTQogviKjgL":{"chainKey":{"counter":0},"chainType":2,"messageKeys":{}},"BTcIaVjiOmVcS8yoHzXKDA/FaAvw4OZ20XWJaT2JnsAO":{"chainKey":{"counter":0},"chainType":2,"messageKeys":{}},"BRa1/wPO3x5yAxaaFcIbsCC9m29j7aJcfONxL2y0e01a":{"chainKey":{"counter":0},"chainType":2,"messageKeys":{}},"Bd8i8ZyOMNcvBkMiFPo0I0Jsc7bnEHTU5kLY3VShFz4o":{"chainKey":{"counter":1},"chainType":2,"messageKeys":{}},"BQVAOMTks/LKxSF0gt57JtpbKUh1nNzt3BQiVBuyYiRB":{"chainKey":{"counter":4},"chainType":2,"messageKeys":{}},"BXAelVf3Ias8oexbhoziVQanttDEFD/nG3PKVAA73QEs":{"chainKey":{"counter":0},"chainType":2,"messageKeys":{}},"BeYwqjeu5MDEBtASE7TMLvIWNzRUw96s4zBOUb/WmEQs":{"chainKey":{"counter":0},"chainType":2,"messageKeys":{}},"BYRa/Qp4sdOQEFIRe5vgjseXDBuyywNu5D/wAQVu5UBN":{"chainKey":{"counter":0},"chainType":2,"messageKeys":{}},"BQhi3cUeXA8AsXM1Y1h1TB2jMSZ9Ri6+G3A3ksYK/kl5":{"chainKey":{"counter":0},"chainType":2,"messageKeys":{}},"BdHv1b3ZRcPJ9ppsjqLjIKe78+KkEW8ImFamRYqCYNcC":{"chainKey":{"counter":0},"chainType":2,"messageKeys":{}},"Bf+kzubIqYL/MS9OUPxhXbGGYH8m03qQAsDoHEN6XZ5r":{"chainKey":{"counter":0},"chainType":2,"messageKeys":{}},"Ba+/TTyDJWiqrtYzJh/ab10u/seYom/haXbekNR9BKtt":{"chainKey":{"counter":0},"chainType":2,"messageKeys":{}},"BdcOiRNGOwDD+WrRnkJAKZ0s2gExN9LyXi3Z6GAsPABS":{"chainKey":{"counter":0},"chainType":2,"messageKeys":{}},"BTV2pDYc6D+2L8ti9wxyku+T1bFDs/JpZ5pIwL2F4FM7":{"chainKey":{"counter":0},"chainType":2,"messageKeys":{}},"Bbv6LEGWyYrbz0BENtFdxwSrGvhtca2MoguIB93Z/5kC":{"chainKey":{"counter":1},"chainType":2,"messageKeys":{}},"BUN2YdvFuGQcPTnoZDq+j/iZ76q2WbRkM5s8zlsD+T9t":{"chainKey":{"counter":0},"chainType":2,"messageKeys":{}},"Bc0++cV8z6sW8KHNXCiWgT+IPgUbl/9ZVU+jKe2NJad9":{"chainKey":{"counter":1},"chainType":2,"messageKeys":{}},"Bb7W/UFoHHGsogndQ8Tv4e0XQ6O3D51xMBBHkHNLn055":{"chainKey":{"counter":0},"chainType":2,"messageKeys":{}},"Bb/jXMfWI7OOlzsznTQBxkUBzc8aDOmPcWWVhJENAOka":{"chainKey":{"counter":0},"chainType":2,"messageKeys":{}},"BX+5mnf0pRHz4wUMWCXzLUN7oBEuk0AFQzxvGzplrpcj":{"chainKey":{"counter":0},"chainType":2,"messageKeys":{}},"BSTb44C+1dttgsvMMJtqlnJG3mPrHdL9Yqp3U4JH75lS":{"chainKey":{"counter":0},"chainType":2,"messageKeys":{}},"BQunoSXLRKDWNw+7uOSe1NDpqw1xftqdCpNEPVaGITtH":{"chainKey":{"counter":0},"chainType":2,"messageKeys":{}},"BQRdETz9ZNvi/tMhGxEgSuxL9UsrPgJ3keUUJe6Q1fpP":{"chainKey":{"counter":0},"chainType":2,"messageKeys":{}},"BbGfFlFaIrZQSNrpKk/PSdFakHpvGBcqxsJgHsoq3kEM":{"chainKey":{"counter":0},"chainType":2,"messageKeys":{}},"BawYLK/tnInyH8seOwnptZnzcmP3AW6uo8gpkoGsHi4R":{"chainKey":{"counter":2},"chainType":2,"messageKeys":{}},"Bb+aSKbX7rB3rSvKj9oDBP3XQzp2PpU0WkpcCUclTvxp":{"chainKey":{"counter":1},"chainType":2,"messageKeys":{}},"BXXOVEWUnt7FkrICoEodcwnxhjNSDRe1OmFrr2uk100h":{"chainKey":{"counter":3},"chainType":2,"messageKeys":{}},"BQIuxFW2ds2I9QYMYCDZtqgBZsfxmoC/29HPl/ZUJf1V":{"chainKey":{"counter":0},"chainType":2,"messageKeys":{}},"BY+cwDsIsoc3kxBKksjiQL3SehOFYHhJcquqc0Tsgd0c":{"chainKey":{"counter":3},"chainType":2,"messageKeys":{}},"BWCvTIC7NMjaa68mxTgSvifeLEMmeRTVX6vI7fbEKU1N":{"chainKey":{"counter":1},"chainType":2,"messageKeys":{}},"BQpaRFmsm8P9JX4de24GRC/L+OD1Yzx1p8/dpLTXUsZE":{"chainKey":{"counter":0},"chainType":2,"messageKeys":{}},"BeUoxSPjQVjfX0oGMT/YsNbavXGQZOCEd5Z/C+9FBsh3":{"chainKey":{"counter":1},"chainType":2,"messageKeys":{}},"BRbrxB8c71D5AUSA41lsgEpYUsddRc+PzFq2Rlgqxcoq":{"chainKey":{"counter":0},"chainType":2,"messageKeys":{}},"BZcMkzQ5x91N2aaiy3ghg3R+e1plOSxNoOIWrG/qqcIL":{"chainKey":{"counter":0},"chainType":2,"messageKeys":{}},"BTlcPTWP0ckARaE8bYPTird2TDgXoN8REgEeMB2HY79B":{"chainKey":{"counter":4},"chainType":2,"messageKeys":{}},"BTB6wx986rR87NMlhVq1mdmNaQPq6pil64UEWbV8EW8j":{"chainKey":{"counter":2},"chainType":2,"messageKeys":{}},"BbqHkb65bPdGfjsVZPI4g1vjWsZzZ+lqpHsq4HRAX4Rd":{"chainKey":{"counter":0},"chainType":2,"messageKeys":{}},"BQ50BbbO/3TmOsu/ww1Y3FDju2OUXivwvy8/N7xCMAsf":{"chainKey":{"counter":1},"chainType":2,"messageKeys":{}},"BW4XVIUsLee3SQQtxHRXEPc4FB7R+YYNZH+HfXjjP+U7":{"chainKey":{"counter":0},"chainType":2,"messageKeys":{}},"BaHcla0F71AV3nt6iBa8kA1FLroVF8DjeslVgZzEhNIU":{"chainKey":{"counter":0},"chainType":2,"messageKeys":{}},"BfYvh4GYM/mh0xqVzi1Ca93TZ7ai3Y8HjIK5jaM+RRVQ":{"chainKey":{"counter":0},"chainType":2,"messageKeys":{}},"BSvV40XLwU3qnnQl+s9Z7y9vSyT0ihx573DzDDjPk9oq":{"chainKey":{"counter":0},"chainType":2,"messageKeys":{}},"Beu+zEQ+TN/WDFy7oGzqurE1hVJY4uP4kFDniw1V81M2":{"chainKey":{"counter":0},"chainType":2,"messageKeys":{}},"BQ5J0hzAmDnVgYOg1zetR43RD1tPu1dVKRWWzJ71/dEN":{"chainKey":{"counter":0},"chainType":2,"messageKeys":{}},"BTL4h9GhBpnpV5+agqs9Sbo1Fpme9fljQC/Qg0TQq/Fs":{"chainKey":{"counter":0},"chainType":2,"messageKeys":{}},"BW6etcADCDp4f6Ube8mFhPGDTkxFpqzwk/iboEJdLNU6":{"chainKey":{"counter":1},"chainType":2,"messageKeys":{}},"BShOZywzdrISjrbtqwHLBOLOCFFuYGu0HOzk/4Y+LexF":{"chainKey":{"counter":0},"chainType":2,"messageKeys":{}},"BU2hoftgKDgAonChueIg91/kNAjSMun+6qQPWVsr8FEU":{"chainKey":{"counter":0},"chainType":2,"messageKeys":{}},"BVsy7Q5KqNJPZ6S1gnLQz5YXMV2TAEomya2AcYI6KR02":{"chainKey":{"counter":1},"chainType":2,"messageKeys":{}},"BcNPqE3zqpealcclS8hLVNABxpmxCLupqo+CwPEdDfpj":{"chainKey":{"counter":0},"chainType":2,"messageKeys":{}},"BWPqb03oSMJaLJuhvile7Aq+hkxx5L+bkL1br3hYYo5F":{"chainKey":{"counter":0},"chainType":2,"messageKeys":{}},"BSkv1jq80u6xKQ2aWYGO4mJlxO1FCHQfz/hZbrfnJV5H":{"chainKey":{"counter":0},"chainType":2,"messageKeys":{}},"BXE+/DoQRUgPvRqvnXo7zoocq4GuwRlkrfjchLNZk6sB":{"chainKey":{"counter":0},"chainType":2,"messageKeys":{}},"BbI50LMo+HmclANhdbLZS8mz4+WUAvgH9K457q4zhk5r":{"chainKey":{"counter":0},"chainType":2,"messageKeys":{}},"BaA6fkmT/YmeOmQjyHOup/Ya/S2bMUcXbcVCTdBuUuNg":{"chainKey":{"counter":1},"chainType":2,"messageKeys":{}},"BUSLchy57YM3pHl07IjAWL4drgbO3Ufdt9HkTX83Jz4j":{"chainKey":{"counter":0},"chainType":2,"messageKeys":{}},"BURpp0dKBWrNO6inCcbk9Sn5f6X8ymHy3vCTYKgtpa1I":{"chainKey":{"counter":0},"chainType":2,"messageKeys":{}},"Bc//ivPmqrCwYXp59NWZtdn2cKoQLcAFCpfWKWL54vRV":{"chainKey":{"counter":0},"chainType":2,"messageKeys":{}},"BbbW3wlN6AjjGqSdCtQ0EEJQv9MEjmqw2E5GmTOaXXV9":{"chainKey":{"counter":0},"chainType":2,"messageKeys":{}},"BVLY42/GsTdX9LVz7TFvJHN5O14WWGlUaxa5Jfg4oYhj":{"chainKey":{"counter":0},"chainType":2,"messageKeys":{}},"Bf3X93ce1oZny/kxoHwMfg5T5jxrGHyS4vGVHQbvVI1C":{"chainKey":{"counter":2},"chainType":2,"messageKeys":{}},"BZ4J6UwjaxbAkpMGmLNOLBUKmvCbAfVzK09d8FQSeZ8x":{"chainKey":{"counter":0},"chainType":2,"messageKeys":{}},"BV8Syl7G+snRIkUUrUWEMcOubfitAiuNDc4gNGAiK4cn":{"chainKey":{"counter":3},"chainType":2,"messageKeys":{}},"BeIOKDjasKOydttr2vJ5bo3K3c45txMjKFPZAmiZfGgZ":{"chainKey":{"counter":0},"chainType":2,"messageKeys":{}},"BVo0bcgDWnH7AuCtSI1jnWFeSM5mABtmWWRfmKd7oyov":{"chainKey":{"counter":2},"chainType":2,"messageKeys":{}},"BRayrZrKajtO0ykgU427swQvC10HBElyzVFHltQjKbdM":{"chainKey":{"counter":0},"chainType":2,"messageKeys":{}},"BfH0QiwUZny+/Yagf2qJLimmfN755IC3oeQHQSIcV6cR":{"chainKey":{"counter":0},"chainType":2,"messageKeys":{}},"BU8jp1wuKWy5iKhkW85ULgbK1+xNDEamHsQFWLdTLpEJ":{"chainKey":{"counter":0},"chainType":2,"messageKeys":{}},"BRuSrVaCw8Y+c0gHYmFgTbN5LKJIACb7wIAa/UNy+2NF":{"chainKey":{"counter":0},"chainType":2,"messageKeys":{}},"BYUwbpoJ6fwNOhzxf8a/C06FzAVxj+5fG2zzuAl5eOYr":{"chainKey":{"counter":0},"chainType":2,"messageKeys":{}},"BZl01CwdYoOvcqmLOXYbgT0p4iE+CdBhX159gXGLv/4i":{"chainKey":{"counter":0},"chainType":2,"messageKeys":{}},"BR1nitBiP62P702Yal5VwLHG/BlDl7eYOBLzFLUIO9lv":{"chainKey":{"counter":0},"chainType":2,"messageKeys":{}},"BZJdvEoDSf9Z0yT5tFrUHnRkUpiY89/8fStPcBEhyspa":{"chainKey":{"counter":1},"chainType":2,"messageKeys":{}},"BaXH9a0pPb3gm2jb4zM08NRWCB8rfVpXy5pe2VpxCkxd":{"chainKey":{"counter":3},"chainType":2,"messageKeys":{}},"BZpuogYZkoAvdWKuP2bwIbg3D3tbNCqHwXr65jwJvABN":{"chainKey":{"counter":0},"chainType":2,"messageKeys":{}},"BTQPG01m7nFlCk59FDC1M2tULMAOTWCS285j+TFSYzUD":{"chainKey":{"counter":0},"chainType":2,"messageKeys":{}},"BSn4iMMuPS8viBYh/vO86fiaqX/9hd7uzvsYwtuE47tZ":{"chainKey":{"counter":0},"chainType":2,"messageKeys":{}},"BaczZ8UW41XKh8ZdYmTnPogAWfnKghkRCA6u55RlpwMM":{"chainKey":{"counter":0},"chainType":2,"messageKeys":{}},"BTb8f3gkFqxKMWgAH4NvWrMqb68C0sbbV0UxllluNdZU":{"chainKey":{"counter":1},"chainType":2,"messageKeys":{}},"BTYiDxCPyiJqHeyk8EXkNT919eznlG5qDCXhFhrxWvUM":{"chainKey":{"counter":0},"chainType":2,"messageKeys":{}},"BTINb5K8EF7t4AyjEk9HSjidDRodVj9wXjswEgWlZc8h":{"chainKey":{"counter":1},"chainType":2,"messageKeys":{}},"BdBzQ9YKpZEFQU+GU70j8Izat14sWSSOEaeKw7dfumYV":{"chainKey":{"counter":0},"chainType":2,"messageKeys":{}},"BXHFWzB8ucjyqgTMOZ4Dmg/tTcuWyinaTkLlJVicIXlL":{"chainKey":{"counter":0},"chainType":2,"messageKeys":{}},"BbqpVatGRggb/SHuCb1AlynK9KRYjUnanpyFBAe+Ijxc":{"chainKey":{"counter":0},"chainType":2,"messageKeys":{}},"BY/S29MKTtqRO6bvPe5RQloV8YOQ5OcB0HxN7i2hRi8W":{"chainKey":{"counter":0},"chainType":2,"messageKeys":{}},"BW3gUhenteKEsKrTYy6s9fn3cHyrGmE6JVQ8HYUZrw9B":{"chainKey":{"counter":0},"chainType":2,"messageKeys":{}},"BTU+W1FWZneiN1y6wY6jh28fIa/EMnuUdMPbBOEb/cBT":{"chainKey":{"counter":0},"chainType":2,"messageKeys":{}},"BXmrnhIg9fnZ0mxRy7T9RDkVQD4DGt4wLb8+adbMYAVH":{"chainKey":{"counter":0},"chainType":2,"messageKeys":{}},"BZmpMyRWNDElfVrgHl8hhbYy+XOGGa7d1JUybzY1fcUr":{"chainKey":{"counter":0},"chainType":2,"messageKeys":{}},"BUeGfPQWq3Hz5mZi8dg3W2VZ9AYchSWGhZbtlgAq/aMy":{"chainKey":{"counter":0},"chainType":2,"messageKeys":{}},"BcU1nbCtnc/uuEqHCOrJfE6ClWgS6kSmJdr2395tBmQt":{"chainKey":{"counter":0},"chainType":2,"messageKeys":{}},"BQEIVYtaAKx6tJcTx4mF7B4xZgJOMI45AY98US5LBbhb":{"chainKey":{"counter":1},"chainType":2,"messageKeys":{}},"Bb7AOPdZPtEKUlJa00aB1v0kSAw44+njZyJrfvRWxI13":{"chainKey":{"counter":1},"chainType":2,"messageKeys":{}},"BZ/470z5Z6bmOkqAHodvLixEFTi0wtSk+tMspL8pdWQ8":{"chainKey":{"counter":1},"chainType":2,"messageKeys":{}},"BdXfCb3LV61a2d7tV9MX0BN+rvOG0GaJbLR0v6ISP7J6":{"chainKey":{"counter":1},"chainType":2,"messageKeys":{}},"BWnayaGsa7N66HHmFZ21bGY1agBMWUBX/6wiXrpvxrUT":{"chainKey":{"counter":2},"chainType":2,"messageKeys":{}},"BTFZyOFilsXa9CX02jSThUJAgV1rdzVe1d1YGd1IZvF+":{"chainKey":{"counter":0},"chainType":2,"messageKeys":{}},"BerBmai+NYoDUCySPg4RyI3YB/d5jG4g6nVxLK9A4qRR":{"chainKey":{"counter":0},"chainType":2,"messageKeys":{}},"BXlt7kMx6Lv+5+aS/140FKHlO+uOKZhwZuEXoBNUE2gP":{"chainKey":{"counter":0},"chainType":2,"messageKeys":{}},"BcrBXQIhuAZCA40/QP8iw3L0agEBXu1e746oOXDcRVhE":{"chainKey":{"counter":0},"chainType":2,"messageKeys":{}},"BRsCbn7AC7yawH0sFI0t9HOvUNE0KY6tYGdrpsjTIQwI":{"chainKey":{"counter":0},"chainType":2,"messageKeys":{}},"BVq3YiLvub19u2uzTX2gAq6/nyZpZOfU4e3q/Kex+ktX":{"chainKey":{"counter":1},"chainType":2,"messageKeys":{}},"BZmwURWcgJcpe1+vl90w6YQabxmevf9z9xPSw1fhvDVu":{"chainKey":{"counter":0},"chainType":2,"messageKeys":{}},"BVPyIO4RG69zJKo5qNChjO2/Ko8CCtMGOXcZ2kE5Cz5s":{"chainKey":{"counter":0},"chainType":2,"messageKeys":{}},"BUC8zV7PHiYvI/SYMjaLS2isJDkTzSwK6+HvGZ+W8YcF":{"chainKey":{"counter":0},"chainType":2,"messageKeys":{}},"BfYfCTOiYT3mSsUatDADuCm0tGaGM+hm1xKOl67SAhoh":{"chainKey":{"counter":0},"chainType":2,"messageKeys":{}},"BWMkVaSApSUiM+qd9pXJkWoLkt03vm/pEi+9HcCwWmU9":{"chainKey":{"counter":0},"chainType":2,"messageKeys":{}},"BbW+B6LUHdcEWedZl5bOlR6FqwSQk36FuUsq7CkweXgw":{"chainKey":{"counter":0},"chainType":2,"messageKeys":{}},"BXocPT+tx1c+ZfLjt1WaQYQg+kAnAqOOSnCm3YeRA69Z":{"chainKey":{"counter":0},"chainType":2,"messageKeys":{}},"BdQEQj5Wg7ZVfq9e1j4PVKsDwuO7p1SALNVgNqkLYdU1":{"chainKey":{"counter":0},"chainType":2,"messageKeys":{}},"BdY/gjdd+n8zg3kYcShLugyTvOoSj8hbfozdi4Hs2wZ/":{"chainKey":{"counter":0},"chainType":2,"messageKeys":{}},"Be2urquXBWJ4M20tZp8bq7DqqaERjA0KnGS/AtivBhsT":{"chainKey":{"counter":0},"chainType":2,"messageKeys":{}},"BTKWu7rf0XbtOhJCNB2n55TosPTzwXjPGpcj3ktScfMV":{"chainKey":{"counter":0},"chainType":2,"messageKeys":{}},"BYwR4bOWrBBJqYu8Ie/DNFGvAyqvfBI7HF5YjBTxIPc0":{"chainKey":{"counter":0},"chainType":2,"messageKeys":{}},"BYRC1oYHX/rwffOPiIq36iCwYEYZN32U+HiYE2HBjm93":{"chainKey":{"counter":0},"chainType":2,"messageKeys":{}},"Bdvs1z7+dDe/Q+/9R5bqQfIAQzjX/Y1FfuKNco1kJshm":{"chainKey":{"counter":0},"chainType":2,"messageKeys":{}},"Bfw68yP93Cfc+mTDa7uNf+41VNw0yAcmUz0u6MSODcNz":{"chainKey":{"counter":3},"chainType":2,"messageKeys":{}},"BWjro+SayqFq3fATi3+InlnfVGzdUPqwN490niY/ZPd+":{"chainKey":{"counter":3,"key":"w9fPGpcmiBiAkm/cFYknBWkQmrvmbqg+ix5NTF6XNRs="},"chainType":2,"messageKeys":{}},"BT4q+NGuMQzn3bCg0Uyu+qcCCebvjT8JoKjBRkd8GTRc":{"chainKey":{"counter":0,"key":"vQsQJ1+KSFtIs9JSpLQ9gESQ+XsC+oYZ9elQPWFchhc="},"chainType":1,"messageKeys":{}}}}},"version":"v1"}