{"_sessions":{"BR5UEdfX/Gpd0+GTXE368Dcc4pSpywmeV0YbQB5r4psY":{"registrationId":1925042058,"currentRatchet":{"ephemeralKeyPair":{"pubKey":"Bfw9U/wfyvV7Dy6jCArr1QVbHO3dRH1q58r0nrqFJytJ","privKey":"+ALbMcllMlEODoosQ+xI/a9haIg8DFBPTsxL2m/96FE="},"lastRemoteEphemeralKey":"BdnUAa/2zfbUCosKBU/ERCkvlnYt8UzyLsrM1DMGQho0","previousCounter":1,"rootKey":"dn12hjwFnC9f6RQxe3ZV14cZPT2XE6g8VbEMIMq+69M="},"indexInfo":{"baseKey":"BR5UEdfX/Gpd0+GTXE368Dcc4pSpywmeV0YbQB5r4psY","baseKeyType":1,"closed":-1,"used":1737227033939,"created":1737185231891,"remoteIdentityKey":"Bb2Tg/1tcDLEU2lqGuaGQfMGFpeTkCyJxYvG4eV56qZ3"},"_chains":{"BdnUAa/2zfbUCosKBU/ERCkvlnYt8UzyLsrM1DMGQho0":{"chainKey":{"counter":0,"key":"8u1EtYdaeuOH40xdOUVrIC6mQk2E2+qqYkdfDIItH3c="},"chainType":2,"messageKeys":{}},"Bfw9U/wfyvV7Dy6jCArr1QVbHO3dRH1q58r0nrqFJytJ":{"chainKey":{"counter":0,"key":"VazzmUsz0piCHRBGB6KPcx/BiQTF80d79RnSqenEBtg="},"chainType":1,"messageKeys":{}}}}},"version":"v1"}