{"_sessions":{"BYrEpBqvdBWD5Hhe38Be3j99Mp0aawSnDUImQkaihQcU":{"registrationId":1758316850,"currentRatchet":{"ephemeralKeyPair":{"pubKey":"BaYJodpU0xDPHhbOzhSiQ47/uQkACEvdDnXnQzNuz+wI","privKey":"WJFKQfmv4UwzoE+wCOIUJO/L6ki8qQEGJnvoWztU6lM="},"lastRemoteEphemeralKey":"BZcjqqXA2YSlM6AYuyNUFgmIu+tX2568nXnlUORzWrhb","previousCounter":0,"rootKey":"igiNMu3qjPoV21G/HrEKYRljUb8M0yLGLoVngsxHIPU="},"indexInfo":{"baseKey":"BYrEpBqvdBWD5Hhe38Be3j99Mp0aawSnDUImQkaihQcU","baseKeyType":1,"closed":-1,"used":1737641538342,"created":1737640313074,"remoteIdentityKey":"BRUg+8CYNt48mev4Los8NlZ6cLP3hwbFgjBrmM/+Pe80"},"_chains":{"BZcjqqXA2YSlM6AYuyNUFgmIu+tX2568nXnlUORzWrhb":{"chainKey":{"counter":8,"key":"ewQZXapimCf7SWlcyqENEGQoyDNbs88ERx0p/Evghu0="},"chainType":2,"messageKeys":{}},"BaYJodpU0xDPHhbOzhSiQ47/uQkACEvdDnXnQzNuz+wI":{"chainKey":{"counter":-1,"key":"fWXd17/8yTsbpkFqAZRGZkYJaXIcki7i2HYxDjN0Wc0="},"chainType":1,"messageKeys":{}}}}},"version":"v1"}