{"_sessions":{"BaxX1x/21nrr+yM+oDzqDAckI1n3GDaSCBLLm57qV7tJ":{"registrationId":1058034165,"currentRatchet":{"ephemeralKeyPair":{"pubKey":"BfeSnvVx8iGIHjQvpkymia8bxp1GfbZc3hP1MupAa0hf","privKey":"oL2apaMn4II8g1q3mOLWASZcQvH+WvT5tRBXpmRy12w="},"lastRemoteEphemeralKey":"BT47sOuC3xnq6XzbSPmDHtvgGiRv6m0VPao8Z1X2/2c5","previousCounter":0,"rootKey":"pd+8UrAHjSO6f4FTy5avl0bWf1BnI2w+snD8qEhekmQ="},"indexInfo":{"baseKey":"BaxX1x/21nrr+yM+oDzqDAckI1n3GDaSCBLLm57qV7tJ","baseKeyType":1,"closed":-1,"used":1737642044065,"created":1737185231896,"remoteIdentityKey":"BTBsLq7XsNEDQSJ7xwg8Y6wjViq7/6q0X39a0/BJ7kg2"},"_chains":{"Be+0Ci3OtIewkRFoQ9CE+9+cpbcEs1FMOZ/oorYnSyEo":{"chainKey":{"counter":0},"chainType":2,"messageKeys":{}},"BT47sOuC3xnq6XzbSPmDHtvgGiRv6m0VPao8Z1X2/2c5":{"chainKey":{"counter":0,"key":"WGinVgV6MEEOaNfzS2lHTNilRJFjovbI8BxbD3DcfXw="},"chainType":2,"messageKeys":{}},"BfeSnvVx8iGIHjQvpkymia8bxp1GfbZc3hP1MupAa0hf":{"chainKey":{"counter":-1,"key":"an8fTbUKNx9Y7Z6zS8Tf1/b5D6Mzbv2eiWhYU5QIodU="},"chainType":1,"messageKeys":{}}}}},"version":"v1"}