{"_sessions":{"BbnkK/oGSFCaMwY1mH6hq8TrqCDpL9nQwmA8JtVLXLk9":{"registrationId":1926631938,"currentRatchet":{"ephemeralKeyPair":{"pubKey":"BQRTyrOLAS8ssoQtIBeugvA2qEfWwS7J55PLOCPpKedH","privKey":"IJ2RwkiY6mMmkpD0Xd4j3qzIvNrSnHYQd/p3iX0HG3c="},"lastRemoteEphemeralKey":"BRvm2FQPchIid3ppqa+KaLwcbaYty/V3nEd0sAqaV7Zm","previousCounter":0,"rootKey":"5eJGY/DORwTZ2XPgGSRACZgjpWbWXp2r8APD3qa80T4="},"indexInfo":{"baseKey":"BbnkK/oGSFCaMwY1mH6hq8TrqCDpL9nQwmA8JtVLXLk9","baseKeyType":1,"closed":1737641616614,"used":1737640313080,"created":1737640313080,"remoteIdentityKey":"BcG4syTTKptbZVUm0YADatoIvT0NYrmGs5ekcPTbvKYV"},"_chains":{"BQRTyrOLAS8ssoQtIBeugvA2qEfWwS7J55PLOCPpKedH":{"chainKey":{"counter":0,"key":"fV89oi4594s/Wq3Q1aB8kzeEdESTfGzxrer1lvEcDpM="},"chainType":1,"messageKeys":{}}},"pendingPreKey":{"signedKeyId":16,"baseKey":"BbnkK/oGSFCaMwY1mH6hq8TrqCDpL9nQwmA8JtVLXLk9","preKeyId":1253537}},"BSes3jUrnwxvaGr6+CoNHeiNQjc/OjgL+GBElaEc5WZO":{"registrationId":1926631938,"currentRatchet":{"ephemeralKeyPair":{"pubKey":"BaVuLGRxacFdKpq5Fyn0hVXNYrJuKz1JMLaXoCKfIhlA","privKey":"iFlisrxztnYIp32Y5GOeypSRyQ9K3fEZSIYHj9oV3mg="},"lastRemoteEphemeralKey":"Bd5pPx0hobb9lFjZwb9jgVdOf8CrKUNsM7nbcD/A0AlR","previousCounter":0,"rootKey":"KDSFsvu4BpLOfapN1xmNH+7SFF2SJmPpx1Pniaz570U="},"indexInfo":{"baseKey":"BSes3jUrnwxvaGr6+CoNHeiNQjc/OjgL+GBElaEc5WZO","baseKeyType":2,"closed":-1,"used":1737641616619,"created":1737641616619,"remoteIdentityKey":"BcG4syTTKptbZVUm0YADatoIvT0NYrmGs5ekcPTbvKYV"},"_chains":{"Bd5pPx0hobb9lFjZwb9jgVdOf8CrKUNsM7nbcD/A0AlR":{"chainKey":{"counter":0,"key":"vPZugLwHFDp1TIWIb89KFb0VHjddBu8bjXQTIpml5WM="},"chainType":2,"messageKeys":{}},"BaVuLGRxacFdKpq5Fyn0hVXNYrJuKz1JMLaXoCKfIhlA":{"chainKey":{"counter":-1,"key":"kZgGlzVEJoG6GgaDRR5cBoveMc0KS50wlQaFipXaDJw="},"chainType":1,"messageKeys":{}}}}},"version":"v1"}