{"_sessions":{"BSTQGr+lyCos2xFIgtKEUFWZFqkbs8Wl0t26p6XKP2I2":{"registrationId":1581973018,"currentRatchet":{"ephemeralKeyPair":{"pubKey":"BVM1OxtBwWfLjbYXpoo2R4kKGrQm6hago6dHE3nzRFhi","privKey":"uN4Lu2Zz8s1YvSJLL4MB3M0Z+w6bjpHGdfLn/zcI40A="},"lastRemoteEphemeralKey":"BT5LtLAj/HhpAPAS5KRFebi6Mm84udo/vvuECoYpJHg+","previousCounter":0,"rootKey":"Eqd3UT5y45o9VyNf4tJfignh//y5Zr+rFRDRDy5iKZM="},"indexInfo":{"baseKey":"BSTQGr+lyCos2xFIgtKEUFWZFqkbs8Wl0t26p6XKP2I2","baseKeyType":1,"closed":-1,"used":1737643296964,"created":1737643296964,"remoteIdentityKey":"BUaik0jFDJhOVScGGqCm7Mudi1uwVVUCpfg3SE9qacd4"},"_chains":{"BVM1OxtBwWfLjbYXpoo2R4kKGrQm6hago6dHE3nzRFhi":{"chainKey":{"counter":0,"key":"Te0mWG3pTIFoOZcls+/sh3uF3QLdkx23INbOYgnN2dw="},"chainType":1,"messageKeys":{}}},"pendingPreKey":{"signedKeyId":2,"baseKey":"BSTQGr+lyCos2xFIgtKEUFWZFqkbs8Wl0t26p6XKP2I2","preKeyId":13169552}}},"version":"v1"}