{"_sessions":{"BZck3EAYcZl4sQsMzPyxLmVHprSLk25OW32SAFsBNSow":{"registrationId":1103269127,"currentRatchet":{"ephemeralKeyPair":{"pubKey":"BehuqPIg70Acy+gZD4S3GxJoYvuM9NcluiKqcqKAJVoK","privKey":"2AKQwb7G9pi5AD2BFw/4ZGDlrfDvIpnsrqqQEcls1mI="},"lastRemoteEphemeralKey":"BY0A2BGEZ+kS10BdfLBUobpKb39XvqQp8/PIeMGVGStN","previousCounter":1,"rootKey":"R0RCzeVE+AQW4sKEDL1/O/zhnkCg29qJ4kGIDUAQW6k="},"indexInfo":{"baseKey":"BZck3EAYcZl4sQsMzPyxLmVHprSLk25OW32SAFsBNSow","baseKeyType":1,"closed":-1,"used":1737227032591,"created":1737185231901,"remoteIdentityKey":"BeiynjXir1N1samsT0fe+E9yJMhIjmPbVtnV70aIHFUL"},"_chains":{"BefNxAqeUeda7jBiobqqpaU5Re6AHkoO2beS5HSu8PBC":{"chainKey":{"counter":0},"chainType":2,"messageKeys":{}},"BY0A2BGEZ+kS10BdfLBUobpKb39XvqQp8/PIeMGVGStN":{"chainKey":{"counter":0,"key":"wdaP9mayTjd6iuuhS7zsG0YPuQpfvaB5R4Wyw0j1N8E="},"chainType":2,"messageKeys":{}},"BehuqPIg70Acy+gZD4S3GxJoYvuM9NcluiKqcqKAJVoK":{"chainKey":{"counter":1,"key":"Kog5bQxbjJZ5XJf8R16sxcT6NCGn8bh/T2vQ/Fqi4mQ="},"chainType":1,"messageKeys":{}}}}},"version":"v1"}