{"_sessions":{"BYxwGXj37qenzjN+USSU05ALvKGTzEsnKRjqH4TFYMUV":{"registrationId":2071068285,"currentRatchet":{"ephemeralKeyPair":{"pubKey":"BWKMPv2ilv1g1py6emyBhsPMSWxegChGexmQFMni4fMx","privKey":"4MXD/KwNlSEGco8OrmLrPHgQ5PAJpmwAI2DtrKoOgVI="},"lastRemoteEphemeralKey":"BZfbUoB+iwFTDCs2LhPNe8PtxI9acF/Y2WPs93UVgUln","previousCounter":0,"rootKey":"mzDcJfvSjHUyu1Sk3qaf6Gu3+WOBuHl7JSe/5TYhRpw="},"indexInfo":{"baseKey":"BYxwGXj37qenzjN+USSU05ALvKGTzEsnKRjqH4TFYMUV","baseKeyType":1,"closed":-1,"used":1737641491117,"created":1737640313086,"remoteIdentityKey":"BUQSE165RRVoCncNqXJdrvwZO/CnesYp32cyjK7Hl61t"},"_chains":{"BZfbUoB+iwFTDCs2LhPNe8PtxI9acF/Y2WPs93UVgUln":{"chainKey":{"counter":18,"key":"SCWPno1szi4L1ct+RpJZTJX/GkmgHAHMQLbljXnRQ34="},"chainType":2,"messageKeys":{}},"BWKMPv2ilv1g1py6emyBhsPMSWxegChGexmQFMni4fMx":{"chainKey":{"counter":1,"key":"29WHj9393DnYrBRp8wqoBBQs6v7MPkciiYMSyRLst38="},"chainType":1,"messageKeys":{}}}}},"version":"v1"}