{"_sessions":{"BWTPnAzwy4uVStmq4BrqFBAKaBsRBv/7RZlbVrldKGgc":{"registrationId":1956007641,"currentRatchet":{"ephemeralKeyPair":{"pubKey":"BRk1r4T8LBgNkDOQTdRpeiu6YxfU4teke1Mo+a5E6jxq","privKey":"wEJAQV3oldPNT1JJuIoQXvsG24fiHTDj0yc30AcviVk="},"lastRemoteEphemeralKey":"BZj/nHEKc78gtBsVLppHpRLZreeLbuI/KmMU1ohnrqAF","previousCounter":11,"rootKey":"ZiFJIsoadyj3oDg7JJJotEOj5oc57WUlAeNiFWqXDvE="},"indexInfo":{"baseKey":"BWTPnAzwy4uVStmq4BrqFBAKaBsRBv/7RZlbVrldKGgc","baseKeyType":2,"closed":-1,"used":1737640420210,"created":1737184217824,"remoteIdentityKey":"BbBFzOhD4GkkIpuix/bVg422wJLcsQvyhL0eK834S+0U"},"_chains":{"BRlOcHZMOHACy+6raQgd4pbi4tRkjHODoZxkKvBD4PIS":{"chainKey":{"counter":6},"chainType":2,"messageKeys":{}},"BZReFqjwAfVl8Obf04rknEd4mPEgfP6kZsdmcE3Lsdtc":{"chainKey":{"counter":1},"chainType":2,"messageKeys":{}},"Bdn+VtT5QiyW8uqW9oqM4Hz0DsIq5lj1WsGdo3JEcxkj":{"chainKey":{"counter":22},"chainType":2,"messageKeys":{}},"BZFtot9C+wwKOm+W/COhd/Y8bHgzOMQhtVJnwsINdKpk":{"chainKey":{"counter":0},"chainType":2,"messageKeys":{}},"BaU0jDwudO0xAKxxu8xAE0+mFxKIKHfHuHEoq7yz1lA1":{"chainKey":{"counter":0},"chainType":2,"messageKeys":{}},"BRmIiMSzoZBPbJXC0/hGtpic9smaFH6gdm/BF6rdSgY4":{"chainKey":{"counter":0},"chainType":2,"messageKeys":{}},"BeGs/Gfq9kjw67l7wtZCcH9Wskyu44gFysoE/vU0CFFc":{"chainKey":{"counter":0},"chainType":2,"messageKeys":{}},"BSG5bF5upIT8szdMNGlNTWyG57FGHpXiTC6rTr/j319g":{"chainKey":{"counter":0},"chainType":2,"messageKeys":{}},"BZj/nHEKc78gtBsVLppHpRLZreeLbuI/KmMU1ohnrqAF":{"chainKey":{"counter":10,"key":"RKxpd0G/MKCD/cK4+qQpLRhBrb8USzQKmMOd4ydwPU0="},"chainType":2,"messageKeys":{}},"BRk1r4T8LBgNkDOQTdRpeiu6YxfU4teke1Mo+a5E6jxq":{"chainKey":{"counter":5,"key":"Vj9XBn3BQEKq6lFTybMJCpr5gpgISR2xPuA/H1hGonw="},"chainType":1,"messageKeys":{}}}}},"version":"v1"}